{
	"carName": "bmw_m4_gt3",
	"basicSetup":
	{
		"tyres":
		{
			"tyreCompound": 0,
			"tyrePressure": [ 38, 44, 38, 43 ]
		},
		"alignment":
		{
			"camber": [ 3, 3, 3, 3 ],
			"toe": [ 10, 10, 3, 3 ],
			"staticCamber": [ -3.8212599754333496, -3.8171305656433105, -2.4348645210266113, -2.4314360618591309 ],
			"toeOutLinear": [ 0.0002219817106379196, 0.00022198085207492113, 0.00012721138773486018, 0.0001272124209208414 ],
			"casterLF": 13,
			"casterRF": 13,
			"steerRatio": 5
		},
		"electronics":
		{
			"tC1": 2,
			"tC2": 0,
			"abs": 3,
			"eCUMap": 0,
			"fuelMix": 0,
			"telemetryLaps": 0
		},
		"strategy":
		{
			"fuel": 0,
			"nPitStops": 0,
			"tyreSet": 4,
			"frontBrakePadCompound": 1,
			"rearBrakePadCompound": 1,
			"pitStrategy": [
				{
					"fuelToAdd": 0,
					"tyres":
					{
						"tyreCompound": 0,
						"tyrePressure": [ 42, 51, 45, 54 ]
					},
					"tyreSet": 2,
					"frontBrakePadCompound": 1,
					"rearBrakePadCompound": 1
				}
			],
			"fuelPerLap": 3.3499999046325684
		}
	},
	"advancedSetup":
	{
		"mechanicalBalance":
		{
			"aRBFront": 5,
			"aRBRear": 5,
			"wheelRate": [ 3, 3, 4, 4 ],
			"bumpStopRateUp": [ 3, 3, 2, 2 ],
			"bumpStopRateDn": [ 0, 0, 10, 10 ],
			"bumpStopWindow": [ 9, 9, 45, 45 ],
			"brakeTorque": 20,
			"brakeBias": 5
		},
		"dampers":
		{
			"bumpSlow": [ 20, 20, 20, 20 ],
			"bumpFast": [ 21, 21, 22, 22 ],
			"reboundSlow": [ 26, 26, 20, 20 ],
			"reboundFast": [ 30, 30, 30, 30 ]
		},
		"aeroBalance":
		{
			"rideHeight": [ 0, 11, 14, 18 ],
			"rodLength": [ 20.675409317016602, 20.675409317016602, 3.9195623397827148, 3.9195623397827148 ],
			"splitter": 0,
			"rearWing": 6,
			"brakeDuct": [ 2, 2 ]
		},
		"drivetrain":
		{
			"preload": 3
		}
	},
	"trackBopType": 52
}