{
	"carName": "audi_r8_lms",
	"basicSetup":
	{
		"tyres":
		{
			"tyreCompound": 0,
			"tyrePressure": [ 50, 50, 48, 48 ]
		},
		"alignment":
		{
			"camber": [ 4, 4, 3, 3 ],
			"toe": [ 20, 20, 65, 65 ],
			"staticCamber": [ -3.7353429794311523, -3.8866825103759766, -3.022505521774292, -3.0224344730377197 ],
			"toeOutLinear": [ 0.00066380796488374472, 0.00063643109751865268, 0.00084859924390912056, 0.00084920640802010894 ],
			"casterLF": 15,
			"casterRF": 15,
			"steerRatio": 4
		},
		"electronics":
		{
			"tC1": 3,
			"tC2": 0,
			"abs": 6,
			"eCUMap": 1,
			"fuelMix": 0,
			"telemetryLaps": 0
		},
		"strategy":
		{
			"fuel": 60,
			"nPitStops": 0,
			"tyreSet": 0,
			"frontBrakePadCompound": 1,
			"rearBrakePadCompound": 1,
			"pitStrategy": [
				{
					"fuelToAdd": 0,
					"tyres":
					{
						"tyreCompound": 0,
						"tyrePressure": [ 0, 0, 0, 0 ]
					},
					"tyreSet": 2,
					"frontBrakePadCompound": 0,
					"rearBrakePadCompound": 0
				}
			],
			"fuelPerLap": 3.1800000667572021
		}
	},
	"advancedSetup":
	{
		"mechanicalBalance":
		{
			"aRBFront": 4,
			"aRBRear": 0,
			"wheelRate": [ 1, 0, 1, 1 ],
			"bumpStopRateUp": [ 5, 5, 2, 2 ],
			"bumpStopRateDn": [ 0, 0, 10, 10 ],
			"bumpStopWindow": [ 4, 4, 60, 60 ],
			"brakeTorque": 20,
			"brakeBias": 65
		},
		"dampers":
		{
			"bumpSlow": [ 20, 20, 14, 14 ],
			"bumpFast": [ 18, 18, 10, 10 ],
			"reboundSlow": [ 25, 25, 14, 14 ],
			"reboundFast": [ 20, 20, 16, 16 ]
		},
		"aeroBalance":
		{
			"rideHeight": [ 8, 6, 12, 18 ],
			"rodLength": [ 36.503154754638672, 36.503154754638672, 16.730188369750977, 16.730188369750977 ],
			"splitter": 0,
			"rearWing": 4,
			"brakeDuct": [ 4, 4 ]
		},
		"drivetrain":
		{
			"preload": 6
		}
	},
	"trackBopType": 27
}