{
	"carName": "bmw_m6_gt3",
	"basicSetup":
	{
		"tyres":
		{
			"tyreCompound": 0,
			"tyrePressure": [ 36, 45, 37, 42 ]
		},
		"alignment":
		{
			"camber": [ 0, 0, 10, 10 ],
			"toe": [ 10, 10, 15, 15 ],
			"staticCamber": [ -4.0796856880187988, -4.0734519958496094, -2.4177029132843018, -2.4144463539123535 ],
			"toeOutLinear": [ 0.00034144605160690844, 0.00034146170946769416, 0.00047409941907972097, 0.00047416836605407298 ],
			"casterLF": 13,
			"casterRF": 13,
			"steerRatio": 5
		},
		"electronics":
		{
			"tC1": 2,
			"tC2": 0,
			"abs": 2,
			"eCUMap": 0,
			"fuelMix": 0,
			"telemetryLaps": 0
		},
		"strategy":
		{
			"fuel": 30,
			"nPitStops": 0,
			"tyreSet": 1,
			"frontBrakePadCompound": 1,
			"rearBrakePadCompound": 1,
			"pitStrategy": [
				{
					"fuelToAdd": 0,
					"tyres":
					{
						"tyreCompound": 0,
						"tyrePressure": [ 0, 0, 0, 0 ]
					},
					"tyreSet": 2,
					"frontBrakePadCompound": 0,
					"rearBrakePadCompound": 0
				}
			],
			"fuelPerLap": 2.9030447006225586
		}
	},
	"advancedSetup":
	{
		"mechanicalBalance":
		{
			"aRBFront": 4,
			"aRBRear": 4,
			"wheelRate": [ 3, 3, 3, 3 ],
			"bumpStopRateUp": [ 7, 7, 2, 2 ],
			"bumpStopRateDn": [ 0, 0, 10, 10 ],
			"bumpStopWindow": [ 4, 4, 30, 30 ],
			"brakeTorque": 20,
			"brakeBias": 9
		},
		"dampers":
		{
			"bumpSlow": [ 20, 20, 20, 20 ],
			"bumpFast": [ 20, 20, 25, 25 ],
			"reboundSlow": [ 26, 26, 27, 27 ],
			"reboundFast": [ 20, 20, 25, 25 ]
		},
		"aeroBalance":
		{
			"rideHeight": [ 7, 11, 17, 18 ],
			"rodLength": [ 21.157346725463867, 21.157346725463867, 31.642921447753906, 31.642921447753906 ],
			"splitter": 0,
			"rearWing": 6,
			"brakeDuct": [ 2, 2 ]
		},
		"drivetrain":
		{
			"preload": 8
		}
	},
	"trackBopType": 52
}