{
	"isSafetyRatingEnabled": 0,
	"isRacecraftRatingEnabled": 0,
	"isRatingMPOnly": 0,
	"isStatisticsMPOnly": 1,
	"weightCleanServers": 0.69999998807907104,
	"weightCompetition": 0.5,
	"weightActivity": 0.39999997615814209,
	"weightFriends": 0.79999995231628418,
	"weightPing": 0.89999997615814209,
	"weightNightDriving": 0.5,
	"weightRainDriving": 0.5,
	"targetDriverCount": 15,
	"lobbyPingCount": 3,
	"trackPreferenceByTrackId":
	{
		"19": 0,
		"6": 0,
		"23": 1,
		"8": 0.029999999329447746,
		"4": 0.0099999997764825821,
		"5": 0.029999999329447746,
		"7": 0.019999999552965164,
		"10": 0.059999998658895493,
		"3": 0.029999999329447746,
		"1": 0.0099999997764825821,
		"2": 0.049999997019767761,
		"9": 0.0099999997764825821,
		"11": 0.059999998658895493,
		"12": 0,
		"13": 0.0099999997764825821,
		"14": 0.019999999552965164,
		"15": 0.029999999329447746,
		"16": 0.0099999997764825821,
		"17": 0.019999999552965164,
		"18": 0.019999999552965164,
		"21": 0.039999999105930328,
		"22": 0.039999999105930328,
		"24": 0.039999999105930328,
		"26": 0.049999997019767761,
		"25": 0.029999999329447746
	}
}